album_id|PC0|PC1|PC2|PC3|PC4|PC5|PC6|PC7|PC8|PC9|album_name|album_title|artist|source_file_path|song_regex|genres|release_date|label|mean_danceability|mean_energy|mean_loudness|mean_speechiness|mean_acousticness|mean_instrumentalness|mean_liveness|mean_valence|mean_tempo|album_term_count|album_character_count|genre
0|-0.04021953433065629|-0.05087503489718658|0.2279187909792639|-0.06444482529232036|0.11423586108034987|-0.17458449049368158|0.0448178368523732|-0.3111613474724486|0.33117444435922566|0.05025303268432726|45:33|45:33|LCD Soundsystem|../data/albums/45:33.txt|\[Trackname:\s[^\]]+\]|['alternative dance', 'alternative rock', 'art pop', 'dance rock', 'dance-punk', 'electronic rock', 'electronica', 'indie rock', 'indietronica', 'neo-synthpop', 'new rave']|2007-11-12|Parlophone UK|0.625|0.918|-5.8100000000000005|0.07405|0.177|0.6725|0.105|0.4559999999999999|104.0085|634|2533|alternative dance
1|0.043771529184754035|-0.06443678315627685|0.01142118127784495|0.016155952852256024|-0.07803764898148983|-0.004726055471357427|-0.004741712752647572|-0.04844192079284|-0.09437462206685987|0.004606754913832884|A_Moon_Shaped_Pool|A Moon Shaped Pool|Radiohead|../data/albums/A_Moon_Shaped_Pool.txt|\[Trackname:\s[^\]]+\]|['alternative rock', 'art rock', 'melancholia', 'oxford indie', 'permanent wave', 'rock']|2016-05-08|XL Recordings|0.4295454545454545|0.4064545454545454|-11.59681818181818|0.0342636363636363|0.673290909090909|0.5644545454545454|0.1587727272727272|0.2030181818181818|125.244|1661|6626|alternative rock
2|-0.1434799489188504|0.0072185282005426425|0.12008932981329945|0.09990949913280374|0.12613653473603081|-0.047048775287340534|-0.1185718426435264|0.13540810661017783|0.2046172077090279|-0.13277187278969885|Actor|Actor|St. Vincent|../data/albums/Actor.txt|\[Trackname:\s[^\]]+\]|['art pop', 'etherpop', 'indie rock', 'indietronica', 'metropopolis', 'neo-synthpop']|2009-05-05|4AD|0.4840909090909091|0.5484545454545455|-10.276272727272728|0.0398818181818181|0.3245709090909091|0.4330909090909091|0.2149090909090909|0.3297727272727273|119.4610909090909|1646|6795|art pop
3|-0.036459895002661794|-0.09015524137443356|0.20020181746126292|-0.30100029749402246|-0.11362722244719378|-0.38160855364728|0.049919974574836004|0.2141628927234979|-0.08689085538468515|0.23879193738372254|Alligator|Alligator|The National|../data/albums/Alligator.txt|\[Trackname:\s[^\]]+\]|['chamber pop', 'indie folk', 'indie rock', 'indietronica', 'irish rock', 'modern rock']|2005-04-11|Beggars Banquet|0.5221538461538462|0.7407692307692308|-6.8166153846153845|0.0355846153846153|0.2842086153846154|0.2396701338461538|0.1257692307692307|0.5358307692307692|125.0533076923077|3682|14693|chamber pop
4|0.00784978596151762|0.11237202839043552|0.0688899131392937|0.05055997871490012|-0.09360583135104725|-0.002953184275827584|0.06099292449832976|-0.09022425649824037|0.0713060746082348|0.07721979598284887|Amnesiac|Amnesiac|Radiohead|../data/albums/Amnesiac.txt|\[Trackname:\s[^\]]+\]|['alternative rock', 'art rock', 'melancholia', 'oxford indie', 'permanent wave', 'rock']|2001-03-12|XL Recordings|0.4085|0.4951|-9.2808|0.04187|0.52090546|0.45169|0.12299|0.22138|113.4376|1242|4976|alternative rock
5|-0.16656078096529126|-0.015468181181350979|0.14032298578464306|0.12511591979407458|0.06006136135862848|0.0169899510337517|0.11732600817774323|-0.11056210181691736|-0.04680846481370314|0.025824876906138255|Art_of_Doubt|Art of Doubt|Metric|../data/albums/Art_of_Doubt.txt|\[Trackname:\s[^\]]+\]|['canadian indie', 'canadian rock', 'indie rock', 'indietronica', 'metropopolis', 'neo-synthpop']|2018-09-21|Metric Productions Inc.|0.50275|0.781|-6.143416666666667|0.0376166666666666|0.0360401583333333|0.2806509016666667|0.2196083333333333|0.39075|119.94141666666668|3632|14633|canadian indie
6|0.1073091919081082|0.09839668478931392|0.010711130020979735|0.14144104350876865|0.023130784489465987|0.024682256466084955|-0.04490863854243688|-0.0019261022444444801|0.0658704258673023|0.27754711215701733|Bee_Hives|Bee Hives|Broken Social Scene|../data/albums/Bee_Hives.txt|\[Trackname:\s[^\]]+\]|['alternative rock', 'baroque pop', 'canadian indie', 'canadian indie rock', 'canadian rock', 'indie rock', 'noise pop']|2004-03-24|Arts & Crafts Productions, Inc.|0.2802|0.4976|-9.2214|0.03758|0.4364|0.48818|0.118|0.16394|108.2732|343|1425|alternative rock
7|-0.054131628469619164|-0.01731849036242945|-0.15175423998843246|0.04276066792589826|0.03559959345630974|0.06701606152546723|0.21221422871301146|0.09212872340575999|0.15947103518542322|0.03186313152421819|Bitte_Orca|Bitte Orca|Dirty Projectors|../data/albums/Bitte_Orca.txt|\[Trackname:\s[^\]]+\]|['art pop', 'brooklyn indie', 'indie rock', 'indietronica', 'noise pop']|2009-06-03|Domino Recording Co|0.4525555555555556|0.5498888888888889|-7.372|0.0573111111111111|0.3538888888888889|0.0046085644444444|0.1669999999999999|0.5008888888888889|106.498|1358|5723|art pop
8|-0.21461711311183732|0.0648734203072839|0.010206897256226068|-0.32963282321859527|0.11322804390607728|0.010564413944707786|0.07381960841372584|0.12851803255479644|-0.055709200832882465|-0.03510559485997396|Boxer|Boxer|The National|../data/albums/Boxer.txt|\[Trackname:\s[^\]]+\]|['chamber pop', 'indie folk', 'indie rock', 'indietronica', 'irish rock', 'modern rock']|2007-05-22|Beggars Banquet|0.5247499999999999|0.62125|-8.57175|0.03145|0.4290891666666667|0.7905833333333333|0.130125|0.4584166666666667|128.66666666666666|2446|10389|chamber pop
9|0.018098742502194162|0.15389892682011364|0.019824746734440322|0.021036098935446803|0.01313940965814334|-0.15122369578568928|-0.15976928562139592|0.016597872212598674|-0.09259824117158237|0.06348256294893974|Broken_Social_Scene|Broken Social Scene|Broken Social Scene|../data/albums/Broken_Social_Scene.txt|\[Trackname:\s[^\]]+\]|['alternative rock', 'baroque pop', 'canadian indie', 'canadian indie rock', 'canadian rock', 'indie rock', 'noise pop']|2005-10-11|Arts & Crafts Productions, Inc.|0.4169928571428571|0.8036428571428571|-8.494857142857143|0.1100928571428571|0.0864359285714285|0.2862028571428571|0.2677857142857143|0.4310428571428571|139.89728571428572|2745|10636|alternative rock
10|-0.3307193134262325|-0.13394754936589967|-0.08789572881150953|-0.2202053461486082|0.0006792266835285122|-0.07018241072707274|-0.06326577493569963|-0.18015902967700473|-0.14906294979525475|0.09161124793144064|Capacity|Capacity|Big Thief|../data/albums/Capacity.txt|\[Trackname:\s[^\]]+\]|['art pop', 'brooklyn indie', 'chamber pop', 'countrygaze', 'indie pop', 'indie rock', 'small room']|2017-06-09|Saddle Creek|0.5404545454545455|0.4615454545454545|-10.200909090909091|0.0398272727272727|0.4291818181818181|0.1627380954545454|0.1356636363636363|0.3694454545454546|114.58972727272727|2310|9489|art pop
11|-0.3188589341056415|0.08042878908627799|0.17598222438659133|0.095921958469946|-0.18779302061615344|0.16495853115139864|-0.23886682209606025|0.018526879469716262|-0.013962701552860926|0.007368991831863772|Congratulations|Congratulations|MGMT|../data/albums/Congratulations.txt|\[Trackname:\s[^\]]+\]|['alternative rock', 'indie rock', 'indietronica', 'modern rock', 'rock']|2010-04-09|Columbia|0.415375|0.7495|-5.49875|0.047975|0.21681875|0.03347275|0.1492625|0.4312|139.80725|2459|10449|alternative rock
12|0.0806851634009939|0.03557801963484236|-0.06920732944973249|0.0008103356276774555|-0.09147988347043794|0.010805877537680461|0.041158709027171315|-0.028390885218847|0.026141018076012584|-0.13134108315966805|Cool_It_Down|Cool It Down|Yeah Yeah Yeahs|../data/albums/Cool_It_Down.txt|\[Trackname:\s[^\]]+\]|['alternative dance', 'alternative rock', 'art pop', 'dance-punk', 'garage rock', 'indie rock', 'modern rock', 'neo-synthpop', 'new rave']|2022-09-30|Secretly Canadian|0.521875|0.659125|-7.071625|0.0634375|0.22481125|0.1080022975|0.106825|0.3026999999999999|121.86525|1278|5290|alternative dance
13|-0.15470761100582658|0.11849081931860883|0.1603588390152125|0.033817061491625035|0.15481001499198885|0.11881679563471674|0.30321271449213943|0.136536415759825|0.05009782230483214|0.10270979130672538|Cults|Cults|Cults|../data/albums/Cults.txt|\[Trackname:\s[^\]]+\]|['experimental pop', 'indie surf', 'pov: indie']|2011-06-07|ITNO/Columbia|0.4484166666666667|0.7525|-5.197666666666667|0.0423583333333333|0.114526375|0.1229605458333333|0.2529166666666667|0.5364166666666667|133.8733333333333|2764|10741|experimental pop
14|-0.05866879995177529|0.27530056181687906|-0.06610805802459195|-0.13386669381563687|0.034326216928283894|-0.1122231176993395|-0.09663528343946465|-0.04998520929318834|0.21075081411740934|-0.0819082534996198|Daddy's_Home|Daddy's Home|St. Vincent|../data/albums/Daddy's_Home.txt|\[Trackname:\s[^\]]+\]|['art pop', 'etherpop', 'indie rock', 'indietronica', 'metropopolis', 'neo-synthpop']|2021-05-14|Loma Vista Recordings|0.5523846153846154|0.4181807692307692|-12.928846153846154|0.0877230769230769|0.5752153846153847|0.153308|0.2258|0.4340692307692307|121.6313076923077|2059|8499|art pop
15|-0.12221332712668141|-0.07039112911081591|-0.134848571760735|0.01716262696178296|-0.03423557029603358|0.1564385203454708|0.05780937478600044|0.06348871907343986|0.04248516123450152|0.026446887580284344|Desire,_I_Want_To_Turn_Into_You|Desire, I Want To Turn Into You|Caroline Polachek|../data/albums/Desire,_I_Want_To_Turn_Into_You.txt|\[Trackname:\s[^\]]+\]|['art pop', 'escape room', 'indie pop', 'indietronica']|2023-02-14|Perpetual Novice|0.6136363636363636|0.565|-8.409454545454546|0.0487454545454545|0.3240727272727273|0.0026853|0.1575727272727272|0.3471454545454545|114.51663636363637|2484|10414|art pop
16|-0.16855079033501355|0.06296323538226008|0.0650279984134554|0.15639133369747737|0.02430888364858516|0.054483654558508274|0.004611472246758712|0.12393726699959415|0.031401649093897636|0.057654129907862714|Dirty_Projectors|Dirty Projectors|Dirty Projectors|../data/albums/Dirty_Projectors.txt|\[Trackname:\s[^\]]+\]|['art pop', 'brooklyn indie', 'indie rock', 'indietronica', 'noise pop']|2017-02-21|Domino Recording Co|0.5283333333333333|0.5536666666666666|-7.280777777777778|0.1391444444444444|0.3132222222222222|0.0044652222222222|0.2431444444444444|0.4379999999999999|121.24344444444444|3019|12381|art pop
17|-0.4430959295849529|-0.2366748398874473|-0.11105322974874299|-0.014366833256068719|0.12171103764942993|0.021467163820502882|-0.12741385336975167|-0.03760764879163701|-0.014575345827683052|0.10775629733475864|Dragon_New_Warm_Mountain_I_Believe_In_You|Dragon New Warm Mountain I Believe In You|Big Thief|../data/albums/Dragon_New_Warm_Mountain_I_Believe_In_You.txt|\[Trackname:\s[^\]]+\]|['art pop', 'brooklyn indie', 'chamber pop', 'countrygaze', 'indie pop', 'indie rock', 'small room']|2022-02-11|4AD|0.5263500000000001|0.53235|-9.1117|0.06337|0.573315|0.1105144425|0.172055|0.5334|127.43325|4273|17759|art pop
18|-0.044011670694080955|-0.13333367275502936|0.06188262120834768|-0.1370187703690507|-0.003706061835056869|-0.24128140499595216|-0.008044041289670713|-0.052660691842940456|0.07731773982841889|0.06709011665471072|Electric_Balloon|Electric Balloon|Ava Luna|../data/albums/Electric_Balloon.txt|\[Trackname:\s[^\]]+\]|['brooklyn indie']|2014-03-04|Western Vinyl|0.6637272727272727|0.6032727272727273|-7.986818181818182|0.1056727272727272|0.2568181818181818|0.1249365454545454|0.1484090909090909|0.6293636363636363|117.60381818181818|1046|4088|brooklyn indie
19|0.05546067218345354|-0.03815842782890843|-0.029743560515819042|0.07832395838807513|-0.07936576108337191|0.08244261316078826|0.060691370352865606|-0.05495896611220441|-0.08220032774197146|-0.014263635176950992|Every_Open_Eye|Every Open Eye|CHVRCHES|../data/albums/Every_Open_Eye.txt|\[Trackname:\s[^\]]+\]|['indietronica', 'metropopolis', 'neo-synthpop', 'shimmer pop']|2015-09-25|Glassnote Entertainment|0.5785454545454546|0.6979090909090909|-5.858909090909092|0.0371181818181818|0.1586009090909091|0.0068603681818181|0.1800818181818182|0.2896545454545454|106.94527272727274|3911|15063|indietronica
20|-0.0374332963153514|-0.020217912742120866|0.054118830829042223|-0.1722461358218178|-0.011917829708659273|0.02440341277088833|-0.05242224798663084|0.04201342704166343|-0.07959417203103818|-0.06415851829413804|Fantasies|Fantasies|Metric|../data/albums/Fantasies.txt|\[Trackname:\s[^\]]+\]|['canadian indie', 'canadian rock', 'indie rock', 'indietronica', 'metropopolis', 'neo-synthpop']|2009-05-02|MMI / Crystal Math Music|0.4641999999999999|0.8253|-6.0982|0.06941|0.1535556|0.2292418059999999|0.23172|0.3969399999999999|137.6889|2549|10529|canadian indie
21|0.3114410948413078|0.2075405818201542|-0.017950648690024322|0.036005403707577925|0.29876339320687106|-0.008221666520791033|-0.29021585251611365|0.1007809862783758|-0.25315078163490123|0.17422564300522173|Feel_Good_Lost|Feel Good Lost|Broken Social Scene|../data/albums/Feel_Good_Lost.txt|\[Trackname:\s[^\]]+\]|['alternative rock', 'baroque pop', 'canadian indie', 'canadian indie rock', 'canadian rock', 'indie rock', 'noise pop']|2001-03-06|Arts & Crafts Productions Inc.|0.4853333333333333|0.4626666666666666|-17.67833333333333|0.0346333333333333|0.2776666666666667|0.903|0.1122333333333333|0.4243333333333334|107.98033333333332|157|638|alternative rock
22|-0.18201819878920789|0.323950706819747|-0.1303412623011154|0.016462744719031076|-0.10804427054678674|-0.10221181223019037|0.19142959242041416|-0.30166163685789266|-0.12694038304371352|-0.050087442414726235|Fever_To_Tell|Fever To Tell|Yeah Yeah Yeahs|../data/albums/Fever_To_Tell.txt|\[Trackname:\s[^\]]+\]|['alternative dance', 'alternative rock', 'art pop', 'dance-punk', 'garage rock', 'indie rock', 'modern rock', 'neo-synthpop', 'new rave']|2003-04-29|Yeah Yeah Yeahs - Fever to Tell PS|0.45225|0.8414166666666666|-5.763583333333333|0.1415666666666666|0.0939785833333333|0.1845295833333333|0.2122333333333333|0.321625|136.18116666666666|1999|7463|alternative dance
23|-0.1566440036523143|0.054659843739864135|-0.00621007309709713|0.0943304704823582|0.034229758968699765|-0.1004994102002267|-0.2154333918658498|-0.16851698026715983|-0.04506460771538075|-0.04974943404312359|Forgiveness_Rock_Record|Forgiveness Rock Record|Broken Social Scene|../data/albums/Forgiveness_Rock_Record.txt|\[Trackname:\s[^\]]+\]|['alternative rock', 'baroque pop', 'canadian indie', 'canadian indie rock', 'canadian rock', 'indie rock', 'noise pop']|2010|Arts & Crafts Productions Inc.|0.5301538461538462|0.6048461538461539|-9.726230769230767|0.0440384615384615|0.0996931461538461|0.2169361146153846|0.2828076923076923|0.4059230769230769|116.08038461538462|2595|10158|alternative rock
24|-0.023226962576081568|-0.14718844326173752|0.04573520374238391|0.0848056767099543|-0.06720990036540571|0.11916494906309541|0.00792792912942664|-0.04810915823383|0.12105420875746703|0.01036617208008555|Formentera|Formentera|Metric|../data/albums/Formentera.txt|\[Trackname:\s[^\]]+\]|['canadian indie', 'canadian rock', 'indie rock', 'indietronica', 'metropopolis', 'neo-synthpop']|2022-07-08|Metric Music International, Inc.|0.5262222222222221|0.7482222222222222|-6.022|0.0385777777777777|0.0497328888888888|0.0933212666666666|0.1746777777777778|0.3266666666666666|135.67788888888887|2841|11945|canadian indie
25|-0.17878320476155773|-0.14401779137534737|0.15717977235693142|0.13893207991695586|0.21700776247344533|-0.08982982285200851|-0.0672000988576701|0.014818379747029094|-0.1080782283964489|-0.12161244255963147|Formentera_II|Formentera II|Metric|../data/albums/Formentera_II.txt|\[Trackname:\s[^\]]+\]|['canadian indie', 'canadian rock', 'indie rock', 'indietronica', 'metropopolis', 'neo-synthpop']|2023-10-13|Metric Music International, Inc.|0.5448888888888889|0.6983333333333334|-6.212888888888888|0.0328222222222222|0.0487977777777777|0.1248482777777778|0.2054555555555555|0.4155555555555555|130.5011111111111|2291|9094|canadian indie
26|-0.3138045277408196|0.10560476276711278|-0.012693813063019189|-0.1575197564577006|0.21944463025847008|0.02075737168654357|-0.05480794330595157|-0.09317329661413577|-0.1597270191663161|0.0397543594518444|Golden_Age|Golden Age|Ethel Cain|../data/albums/Golden_Age.txt|\[Trackname:\s[^\]]+\]|['countrygaze', 'indie pop', 'modern dream pop']|2019-12-01|Homie Shit Magazine|0.3603333333333333|0.4636666666666666|-7.955166666666667|0.0307333333333333|0.2012333333333333|0.0447210533333333|0.1434333333333333|0.06415|115.47683333333332|1405|5420|countrygaze
27|-0.04227063097542064|0.013899200734822129|-0.04566461714620566|-0.18614900064153692|0.1969712582635118|0.040719279413682266|0.10777718740231082|-0.030241832637462624|-0.10639567216594856|0.024068808540879665|Grow_Up_And_Blow_Away|Grow Up And Blow Away|Metric|../data/albums/Grow_Up_And_Blow_Away.txt|\[Trackname:\s[^\]]+\]|['canadian indie', 'canadian rock', 'indie rock', 'indietronica', 'metropopolis', 'neo-synthpop']|2007|Last Gang|0.6068|0.6325000000000001|-7.2818|0.03009|0.204746|0.0416354399999999|0.18906|0.5387500000000001|112.0815|2548|10215|canadian indie
28|0.05741331497672796|-0.03384558094169757|-0.03231138362877661|0.08670044809890984|-0.04588221927011189|0.02085967858520272|0.012656542326427723|0.045067897568553186|0.06179121658350115|0.01992198224402791|Hail_To_the_Thief|Hail To the Thief|Radiohead|../data/albums/Hail_To_the_Thief.txt|\[Trackname:\s[^\]]+\]|['alternative rock', 'art rock', 'melancholia', 'oxford indie', 'permanent wave', 'rock']|2003-06-09|XL Recordings|0.4292857142857142|0.5908571428571429|-9.124071428571428|0.0599|0.2947485714285714|0.2637489435714286|0.1603928571428571|0.3995285714285714|117.85235714285714|2313|9329|alternative rock
29|0.040688201399719556|-0.005979112701363339|0.31389754802680336|-0.3945308253497294|-0.07247562613884379|0.3445595337775897|-0.04786187775306983|-0.08249755098113533|0.014943633249046887|0.010052207893718365|High_Violet|High Violet|The National|../data/albums/High_Violet.txt|\[Trackname:\s[^\]]+\]|['chamber pop', 'indie folk', 'indie rock', 'indietronica', 'irish rock', 'modern rock']|2010-05-11|4AD|0.5169090909090909|0.7144545454545455|-7.893818181818181|0.0434272727272727|0.4991636363636363|0.5699195454545455|0.1174272727272727|0.4459090909090909|124.92772727272728|2819|11673|chamber pop
30|0.0045854739449287295|-0.1528644231563188|0.17885794606901145|0.018677953870502945|0.18430982239328192|0.06502089536031687|0.022404705330358283|-0.16452210381570606|0.11158690755613133|0.06972887889075653|Host|Host|Cults|../data/albums/Host.txt|\[Trackname:\s[^\]]+\]|['experimental pop', 'indie surf', 'pov: indie']|2020-09-18|Sinderlyn|0.5144166666666666|0.553|-8.495333333333333|0.0340166666666666|0.11996|0.1157640908333333|0.114225|0.3513333333333333|106.68041666666666|2049|8043|experimental pop
31|-0.004171102044353248|-0.02302409073442062|0.0011930915361680016|0.07743069122090239|-0.02902294613537227|-0.16126160423154853|0.09177150210084212|0.013071683241657419|-0.07134888898919844|-0.051248772889999274|Hug_Of_Thunder|Hug Of Thunder|Broken Social Scene|../data/albums/Hug_Of_Thunder.txt|\[Trackname:\s[^\]]+\]|['alternative rock', 'baroque pop', 'canadian indie', 'canadian indie rock', 'canadian rock', 'indie rock', 'noise pop']|2017-07-07|Arts & Crafts|0.4588181818181818|0.7824545454545454|-6.725636363636363|0.0528999999999999|0.1369187545454545|0.3817281818181817|0.1601|0.3222181818181818|117.12263636363636|2679|10526|alternative rock
32|-0.12889891389158495|-0.18075660047548966|0.15853193978604008|0.022905080456623712|0.13871403166294297|-0.32341817081901136|-0.12392364339040354|0.0492089055234234|0.12088768331061989|-0.13414017497634592|Ice_Level|Ice Level|Ava Luna|../data/albums/Ice_Level.txt|\[Trackname:\s[^\]]+\]|['brooklyn indie']|2012-02-28|Infinite Best|0.60425|0.542|-6.83125|0.165725|0.200825|0.0022393|0.1886999999999999|0.5702499999999999|100.81675|1532|6096|brooklyn indie
33|-0.21877914949604924|0.09606716047819484|0.04354008157463822|0.0040569897977576685|-0.06507628169764372|0.08167551660576534|-0.021892835666244767|-0.18368699937779553|-0.08586988044044924|0.03770064627235847|In_Heaven|In Heaven|Mr. Twin Sister|../data/albums/In_Heaven.txt|\[Trackname:\s[^\]]+\]|['chillwave']|2011-09-27|Domino Recording Co|0.5299|0.6591|-8.424|0.0324799999999999|0.220562|0.24245|0.15817|0.48721|119.4528|1034|4182|chillwave
34|-0.1455339630716116|-7.42322435802066e-05|0.15989573407727342|0.06547350514791835|-0.2500943464493326|0.05524350374971053|-0.04197346540019955|0.08406722866744985|-0.23136011382816055|-0.0779885633045218|In_Rainbows|In Rainbows|Radiohead|../data/albums/In_Rainbows.txt|\[Trackname:\s[^\]]+\]|['alternative rock', 'art rock', 'melancholia', 'oxford indie', 'permanent wave', 'rock']|2007-12-28|XL Recordings|0.5283|0.5918|-8.690999999999999|0.03762|0.460913|0.385966|0.09336|0.39673|119.45059999999998|1350|5452|alternative rock
35|-0.23021620965389808|0.4217153389799122|-0.09256468576053266|-0.02054245368979952|-0.029905290565294597|-0.028289963178282976|-0.17737903502453312|-0.04365050198204333|0.1964885913209215|-0.09900294928763627|Inbred|Inbred|Ethel Cain|../data/albums/Inbred.txt|\[Trackname:\s[^\]]+\]|['countrygaze', 'indie pop', 'modern dream pop']|2021-04-23|Daughters of Cain Records|0.3915|0.38875|-10.12|0.031225|0.2395924999999999|0.24333775|0.2045|0.14595|93.6955|995|3878|countrygaze
36|-0.18583027935445084|-0.056264945682558715|-0.010682792399521223|-0.012301307678086055|0.1846158701428445|-0.036192956384579075|-0.07519529609361568|0.014356556939321294|0.06045280050776784|-0.05161144923914782|Infinite_House|Infinite House|Ava Luna|../data/albums/Infinite_House.txt|\[Trackname:\s[^\]]+\]|['brooklyn indie']|2015-04-14|Western Vinyl|0.5971|0.617|-6.958799999999999|0.07043|0.14239|0.141473|0.17583|0.5286|119.8705|1033|4134|brooklyn indie
37|0.024843552169769266|-0.026607837537145827|0.15070450947187652|0.0008289007121464317|0.04646953859170977|-0.10009326406229417|0.013669570689662442|-0.248573715585216|0.24971486030949958|0.057097982985328165|It's_Blitz!|It's Blitz!|Yeah Yeah Yeahs|../data/albums/It's_Blitz!.txt|\[Trackname:\s[^\]]+\]|['alternative dance', 'alternative rock', 'art pop', 'dance-punk', 'garage rock', 'indie rock', 'modern rock', 'neo-synthpop', 'new rave']|2009-01-01|Interscope|0.4795|0.7413000000000001|-5.709300000000001|0.03744|0.0607839|0.3177279|0.2467|0.35453|109.1462|1620|6653|alternative dance
38|0.08165661591036567|-0.04384186002579998|0.21291228924582428|-0.33131688006171434|-0.1333003826122285|0.35109104071214553|-0.10636937208436922|-0.03038469982409207|0.03589874943086704|-0.07629388276286589|Kid_A|Kid A|Radiohead|../data/albums/Kid_A.txt|\[Trackname:\s[^\]]+\]|['alternative rock', 'art rock', 'melancholia', 'oxford indie', 'permanent wave', 'rock']|2000-10-02|XL Recordings|0.4135555555555555|0.5402222222222223|-11.517222222222223|0.0624111111111111|0.4094633333333333|0.5789135888888889|0.1898777777777777|0.3157333333333333|116.42555555555556|1177|5021|alternative rock
39|0.07407854594341723|0.01731807334680352|0.10745033453479065|-0.07107138068472692|-0.09389410647656027|-0.07960929235343382|0.018581853495062747|0.0292512928164582|-0.1354797628962522|-0.013720479873211776|LCD_Soundsystem|LCD Soundsystem|LCD Soundsystem|../data/albums/LCD_Soundsystem.txt|\[Trackname:\s[^\]]+\]|['alternative dance', 'alternative rock', 'art pop', 'dance rock', 'dance-punk', 'electronic rock', 'electronica', 'indie rock', 'indietronica', 'neo-synthpop', 'new rave']|2005-01-24|Parlophone UK|0.6904375|0.797375|-6.6904375|0.05003125|0.04957635625|0.358303071875|0.18350625|0.7053437499999999|128.29862500000002|4739|19353|alternative dance
40|-0.0714489636016938|-0.15888073410536158|-0.07568762896895712|0.02152579578357873|0.0901358307180962|0.05468082369864281|-0.017477472948250007|0.07444768045946318|0.011265284483167375|0.01767390857435163|Lamp_Lit_Prose|Lamp Lit Prose|Dirty Projectors|../data/albums/Lamp_Lit_Prose.txt|\[Trackname:\s[^\]]+\]|['art pop', 'brooklyn indie', 'indie rock', 'indietronica', 'noise pop']|2018-07-13|Domino Recording Co|0.5373|0.5359999999999999|-6.530799999999999|0.08519|0.43095|0.058974114|0.22571|0.5683499999999999|117.9885|2451|10135|art pop
41|-0.3240791102820832|0.1321743055106959|0.21476920271324484|0.2650527144978769|0.01636173359566534|0.058926377427491294|-0.19874242536944747|0.11584309316756078|0.08411999516006262|0.06739689661164208|Little_Dark_Age|Little Dark Age|MGMT|../data/albums/Little_Dark_Age.txt|\[Trackname:\s[^\]]+\]|['alternative rock', 'indie rock', 'indietronica', 'modern rock', 'rock']|2018-02-09|Columbia|0.5814|0.7988|-6.242400000000001|0.04098|0.185824|0.1590721|0.2553999999999999|0.6413|136.3373|2198|9022|alternative rock
42|-0.15252323646693297|0.1467722610025976|-0.03915805878125167|-0.05288973026922569|-0.038141849995557156|-0.055784919658791385|0.09982916580239955|0.23891492003197812|-0.01800922168015364|-0.07111867465367322|Live_It_Out|Live It Out|Metric|../data/albums/Live_It_Out.txt|\[Trackname:\s[^\]]+\]|['canadian indie', 'canadian rock', 'indie rock', 'indietronica', 'metropopolis', 'neo-synthpop']|2005|Last Gang|0.521|0.8114000000000001|-5.7723|0.06238|0.0931628|0.1956258|0.21141|0.46399|143.4519|1978|8068|canadian indie
43|-0.20483212691476937|0.0065149172078681206|0.07994336594325883|0.011606660061629982|0.13642721629398527|0.13961492949487828|0.11960648647132838|0.06645078955378078|0.023535931379779707|0.04975008160986586|Loss_Of_Life|Loss Of Life|MGMT|../data/albums/Loss_Of_Life.txt|\[Trackname:\s[^\]]+\]|['alternative rock', 'indie rock', 'indietronica', 'modern rock', 'rock']|2024-02-23|Mom+Pop|0.408|0.6952222222222222|-6.709666666666667|0.0350222222222222|0.2672111111111111|0.0881172444444444|0.1926|0.3301111111111111|108.76722222222222|1961|7915|alternative rock
44|-0.0803744011360698|-0.06538188634010912|0.026757762133846456|0.14178847552318796|-0.04780696317986068|0.00019078077030753367|0.06294465173388514|0.07556677548017374|-0.04986654162476216|-0.04868838314566513|Love_Is_Dead|Love Is Dead|CHVRCHES|../data/albums/Love_Is_Dead.txt|\[Trackname:\s[^\]]+\]|['indietronica', 'metropopolis', 'neo-synthpop', 'shimmer pop']|2018-05-25|Glassnote Entertainment Group LLC|0.5232307692307692|0.6498461538461539|-7.453153846153847|0.04|0.1341608461538461|0.0664086384615384|0.1543384615384615|0.2521076923076923|132.41176923076924|3400|13693|indietronica
45|-0.323643800939898|0.0074516506031220104|0.09079926258725027|-0.15284936834324986|0.034354440250384206|0.14227108025802498|-0.015525100260005758|0.05347873867320216|0.08633145829106947|0.04532528666941551|Love_This_Giant|Love This Giant|St. Vincent|../data/albums/Love_This_Giant.txt|\[Trackname:\s[^\]]+\]|['art pop', 'etherpop', 'indie rock', 'indietronica', 'metropopolis', 'neo-synthpop']|2012-09-10|4AD|0.6870833333333333|0.6763333333333333|-7.7185|0.0970583333333333|0.4713416666666667|0.0304928583333333|0.1406583333333333|0.5166666666666667|109.64775|2477|10033|art pop
46|0.2696342516808694|0.23262059555926767|-0.07581755957918439|-0.0853451544706734|0.239722407563174|0.030422616794176068|-0.21289121881221892|0.1061167862594836|-0.21638396596321174|0.08775912604862704|MASSEDUCTION|MASSEDUCTION|St. Vincent|../data/albums/MASSEDUCTION.txt|\[Trackname:\s[^\]]+\]|['art pop', 'etherpop', 'indie rock', 'indietronica', 'metropopolis', 'neo-synthpop']|2017-10-13|Loma Vista|0.5204166666666666|0.5304166666666666|-9.8545|0.0691666666666666|0.2976641666666667|0.10704525|0.2041333333333333|0.2899166666666666|110.89483333333334|3118|12335|art pop
47|0.0018328463286115494|-0.17488679761633194|0.06481245092937031|0.015437229903268804|0.24065514755858117|0.08676536888574686|-0.0792481575749168|-0.10566262807171081|-0.16382872433104387|-0.23098776480136465|MGMT|MGMT|MGMT|../data/albums/MGMT.txt|\[Trackname:\s[^\]]+\]|['alternative rock', 'indie rock', 'indietronica', 'modern rock', 'rock']|2013-09-16|Columbia|0.4246999999999999|0.9031|-4.1975|0.08514|0.095147|0.283945778|0.18207|0.30595|128.1499|2038|8671|alternative rock
48|-0.016046539671928914|-0.06996948570462633|0.15026672800115137|0.01052863738857176|0.05054237445166592|-0.16255639793513968|0.11489813944574696|0.14561925809641374|-0.0028072349974263048|0.10987634624724893|Marry_Me|Marry Me|St. Vincent|../data/albums/Marry_Me.txt|\[Trackname:\s[^\]]+\]|['art pop', 'etherpop', 'indie rock', 'indietronica', 'metropopolis', 'neo-synthpop']|2007-07-10|Beggars Banquet|0.5202|0.5212|-9.3945|0.0526299999999999|0.6298|0.010777752|0.10611|0.3416|119.7364|2183|9029|art pop
49|-0.32166655450587933|-0.005096718282228228|-0.25688226732226527|-0.15007059058628092|0.06966821271295723|0.057932156233851596|-0.023975691883138306|0.07020092002377962|-0.03201832973398053|0.09986656721001763|Masterpiece_(2023_Remaster)|Masterpiece (2023 Remaster)|Big Thief|../data/albums/Masterpiece_(2023_Remaster).txt|\[Trackname:\s[^\]]+\]|['art pop', 'brooklyn indie', 'chamber pop', 'countrygaze', 'indie pop', 'indie rock', 'small room']|2016|4AD|0.3951666666666666|0.509225|-8.316|0.0360916666666666|0.3083354166666667|0.0589954516666666|0.2927083333333333|0.39025|118.60766666666666|2138|8218|art pop
50|-0.10829000212819534|-0.15594973365971634|0.07669147240590667|0.09252382222274193|0.02873429024067156|-0.13315328877400695|-0.12654755092001355|0.17836522278105787|0.047623297527780516|-0.18791147360964788|Moon_2|Moon 2|Ava Luna|../data/albums/Moon_2.txt|\[Trackname:\s[^\]]+\]|['brooklyn indie']|2018-09-07|Western Vinyl|0.778|0.536|-10.215272727272726|0.0766181818181818|0.1869154545454545|0.1408127272727272|0.1081|0.715|114.5808181818182|1654|6502|brooklyn indie
51|-0.05101928947745114|-0.1582885951600611|-0.1721134781660257|0.002165170895041622|-0.033059891046904766|0.019649555099777873|-0.04552375764421422|0.020159451733288803|-0.029245775912264897|0.24380219693445573|Moon_Tides|Moon Tides|Pure Bathing Culture|../data/albums/Moon_Tides.txt|\[Trackname:\s[^\]]+\]|['chillwave', 'shiver pop']|2013-08-20|Knitting Factory Records|0.4757142857142857|0.6722857142857143|-7.273428571428572|0.0287142857142857|0.1585842857142857|0.3794713571428572|0.2068571428571428|0.4707571428571429|139.67228571428572|1048|4613|chillwave
52|-0.08802456593623471|0.1523006024945263|-0.18652593720861288|-0.13116025842066112|0.12951220257189092|0.02719148524899676|-0.05318602366048137|0.045080859296793466|-0.0183324565295546|-0.22650719530820138|Morning_Better_Last!|Morning Better Last!|Dirty Projectors|../data/albums/Morning_Better_Last!.txt|\[Trackname:\s[^\]]+\]|['art pop', 'brooklyn indie', 'indie rock', 'indietronica', 'noise pop']|2003|States Rights Records|0.4846842105263158|0.3415105263157894|-9.81963157894737|0.0655105263157894|0.851421052631579|0.0662651347368421|0.1431421052631579|0.4158947368421052|116.856|1762|7159|art pop
53|0.10237494396236307|-0.04602426167204455|-0.011335794089180938|0.05410542240117038|-0.03217578453220667|0.10148849781036012|-0.05299649918213628|0.005997741854095338|-0.01164203083660153|-0.08028260846351452|Mosquito_(Deluxe)|Mosquito (Deluxe)|Yeah Yeah Yeahs|../data/albums/Mosquito_(Deluxe).txt|\[Trackname:\s[^\]]+\]|['alternative dance', 'alternative rock', 'art pop', 'dance-punk', 'garage rock', 'indie rock', 'modern rock', 'neo-synthpop', 'new rave']|2013-01-01|Interscope|0.4516666666666666|0.7986666666666666|-6.470166666666667|0.066425|0.14846325|0.22321675|0.3704833333333333|0.2956916666666667|125.57666666666668|2546|10813|alternative dance
54|-0.03169220904226623|-0.09952463339423488|-0.27743169676089924|0.01604616535268457|-0.08089704930752309|0.05951724172407506|0.08378274041069869|0.010193089699161292|0.12537853602383692|0.041794310285001135|Mount_Wittenberg_Orca|Mount Wittenberg Orca|Dirty Projectors|../data/albums/Mount_Wittenberg_Orca.txt|\[Trackname:\s[^\]]+\]|['art pop', 'brooklyn indie', 'indie rock', 'indietronica', 'noise pop']|2011-10-25|Domino Recording Co|0.5328333333333334|0.1551666666666666|-11.496833333333331|0.04025|0.7881666666666667|0.0001941666666666|0.1248666666666666|0.3815166666666666|126.26133333333333|826|3198|art pop
55|-0.09802660455894312|-0.054548576917513567|0.13564140581115264|0.015231328910325513|0.029796028985998025|-0.008083155232374349|0.12457268651561236|0.03670030754455848|-0.08585066769762562|0.15486793400096024|Mr_Twin_Sister|Mr Twin Sister|Mr. Twin Sister|../data/albums/Mr_Twin_Sister.txt|\[Trackname:\s[^\]]+\]|['chillwave']|2014-09-23|Twin Group / Infinite Best|0.5408571428571428|0.5054285714285714|-12.045142857142858|0.0638285714285714|0.3032571428571428|0.5922857142857143|0.135|0.3290571428571428|112.33457142857142|1121|4479|chillwave
56|-0.0011291902596644544|-0.21137488097555404|-0.173261337693743|0.04802273391275683|-0.0585033221350205|0.09274587746358097|-0.03787633617834868|-0.008808156343445606|-0.00019654141544341746|0.24584233786378376|Night_Pass|Night Pass|Pure Bathing Culture|../data/albums/Night_Pass.txt|\[Trackname:\s[^\]]+\]|['chillwave', 'shiver pop']|2019-04-26|Infinite Companion|0.4794|0.8237|-4.9358|0.04477|0.117119|0.008360266|0.18085|0.5152|121.8461|2141|8718|chillwave
57|-0.0641004332657893|0.07216258058083269|0.020626620051633245|-0.04330190861245728|-0.05556885355128689|0.013107362054599591|0.07063103072729243|0.08950021696729517|0.009804279969906373|-0.16137529613842574|OK_Computer|OK Computer|Radiohead|../data/albums/OK_Computer.txt|\[Trackname:\s[^\]]+\]|['alternative rock', 'art rock', 'melancholia', 'oxford indie', 'permanent wave', 'rock']|1997-05-28|XL Recordings|0.2880833333333333|0.5659166666666667|-9.102416666666668|0.0563083333333333|0.1357625833333333|0.1610527666666666|0.159375|0.2917333333333333|115.45075|1679|7127|alternative rock
58|-0.11359312394457166|-0.05494575271340077|0.25602709146437147|0.11069495784495181|-0.32823874149816956|0.0995464091881127|-0.1622810492747172|0.1219836136401536|-0.15272374962164056|-0.13573283575708067|Offering|Offering|Cults|../data/albums/Offering.txt|\[Trackname:\s[^\]]+\]|['experimental pop', 'indie surf', 'pov: indie']|2022-10-26|Sinderlyn/Columbia|0.4539999999999999|0.6812727272727273|-6.421454545454545|0.029790909090909|0.2496745454545454|0.089220319090909|0.1756818181818182|0.3363090909090909|114.58145454545456|2221|9052|experimental pop
59|-0.04712432552766615|-0.007831106911463527|0.173994548282352|-0.18874851409511012|-0.16650596513744076|-0.3839412570783326|0.049398093560859016|0.19881278456472068|-0.07957801923280797|0.22522309359448295|Old_World_Underground,_Where_Are_You_Now?|Old World Underground, Where Are You Now?|Metric|../data/albums/Old_World_Underground,_Where_Are_You_Now?.txt|\[Trackname:\s[^\]]+\]|['canadian indie', 'canadian rock', 'indie rock', 'indietronica', 'metropopolis', 'neo-synthpop']|2003-09-01|Everloving Records|0.5543|0.63342|-9.0269|0.03295|0.20750916|0.13819276|0.17903|0.596|133.4553|1957|8639|canadian indie
60|-0.04523671282787156|0.0052483562660308285|-0.05982294218414916|0.034824083915208796|0.0024487698962392217|-0.08025873846684194|0.16376941298949732|-0.2411253913522274|-0.07289009553477327|-0.12615564584077582|Oracular_Spectacular|Oracular Spectacular|MGMT|../data/albums/Oracular_Spectacular.txt|\[Trackname:\s[^\]]+\]|['alternative rock', 'indie rock', 'indietronica', 'modern rock', 'rock']|2007-12-14|Red Ink/Columbia|0.5314|0.8667|-4.6954|0.05681|0.07743474|0.13579862|0.29664|0.4554|118.7078|2199|9351|alternative rock
61|-0.0543009698442141|0.22074149471256288|0.09449289445345331|0.04197862819830702|0.07240784061747135|0.06439636114894999|0.006397045226855955|-0.14623245401806423|-0.09491222322915291|0.19909769815714454|Pablo_Honey|Pablo Honey|Radiohead|../data/albums/Pablo_Honey.txt|\[Trackname:\s[^\]]+\]|['alternative rock', 'art rock', 'melancholia', 'oxford indie', 'permanent wave', 'rock']|1993-02-22|XL Recordings|0.3033333333333333|0.6928333333333333|-10.728333333333332|0.0505416666666666|0.0609488999999999|0.2506697258333333|0.1706083333333333|0.322|119.65275|1489|6091|alternative rock
62|-0.0705197583003424|-0.2392903109451624|0.017820977874690787|0.03440320499719389|0.16620414166136616|-0.07942971321773493|-0.19395834269510903|-0.17669825481743778|-0.2063373386117683|-0.24204751697858357|Pagans_in_Vegas|Pagans in Vegas|Metric|../data/albums/Pagans_in_Vegas.txt|\[Trackname:\s[^\]]+\]|['canadian indie', 'canadian rock', 'indie rock', 'indietronica', 'metropopolis', 'neo-synthpop']|2015-09-18|MMI / Crystal Math Music|0.582|0.714|-6.102|0.0339833333333333|0.1405048333333333|0.1470612433333333|0.19565|0.4295833333333334|115.18466666666666|2875|10942|canadian indie
63|-0.20234147333034327|-0.008256998902512858|0.03483839786143818|0.034669543732453|0.10898121042623111|-0.013377564481301674|0.12290422624690951|-0.03379520381002906|0.11049975135216981|0.07926830745446008|Pang|Pang|Caroline Polachek|../data/albums/Pang.txt|\[Trackname:\s[^\]]+\]|['art pop', 'escape room', 'indie pop', 'indietronica']|2019-10-18|Perpetual Novice|0.5608571428571428|0.4382857142857143|-8.107714285714286|0.0364357142857142|0.3981928571428571|0.0027833428571428|0.1294785714285714|0.2874785714285714|103.96364285714286|3147|12524|art pop
64|-0.07753620088797863|-0.1562344853836105|-0.1170347155342198|0.058615352764078095|-0.09883444226940875|0.017164224171691302|0.09787944696002046|-0.1682708170453651|-0.17978746334359702|0.21407906613101038|Pray_for_Rain|Pray for Rain|Pure Bathing Culture|../data/albums/Pray_for_Rain.txt|\[Trackname:\s[^\]]+\]|['chillwave', 'shiver pop']|2015-10-23|Partisan Records|0.6285999999999999|0.6849999999999999|-6.2985|0.03661|0.08097177|0.001324239|0.12772|0.4690999999999999|113.8221|1656|6567|chillwave
65|-0.3934718258950562|0.18110923568119786|-0.09134495092311644|-0.13841011914928245|0.03896188946837035|-0.09267394472790466|-0.038009780197550795|0.053402370446704414|-0.0704860380810888|-0.09434386336763112|Preacher’s_Daughter|Preacher’s Daughter|Ethel Cain|../data/albums/Preacher’s_Daughter.txt|\[Trackname:\s[^\]]+\]|['countrygaze', 'indie pop', 'modern dream pop']|2022-05-12|Daughters of Cain Records|0.3480909090909091|0.3993636363636363|-9.433272727272728|0.0350636363636363|0.2531418181818182|0.0937752636363636|0.1740545454545454|0.1254636363636363|103.0770909090909|3629|13901|countrygaze
66|-0.10715109478025295|0.30888841407170364|0.038658401518382284|0.06261303557046743|0.03201662365217128|0.02648127972413971|0.31928168267925344|0.08621208013278675|-0.03694580764688048|-0.05181861781361971|Rise_Above|Rise Above|Dirty Projectors|../data/albums/Rise_Above.txt|\[Trackname:\s[^\]]+\]|['art pop', 'brooklyn indie', 'indie rock', 'indietronica', 'noise pop']|2007-09-11|Dead Oceans|0.3468545454545454|0.3551454545454545|-13.08690909090909|0.0527727272727272|0.566|0.0852561536363636|0.3199636363636364|0.2554|116.42045454545456|1341|5411|art pop
67|-0.04693042004836569|-0.036979415791699444|0.020944460034366928|-0.06116775409605754|0.006917524688155871|0.02032387754792874|0.03185158521699002|-0.058605708606000693|-0.018301558974338356|-0.042995698925060895|Show_Your_Bones|Show Your Bones|Yeah Yeah Yeahs|../data/albums/Show_Your_Bones.txt|\[Trackname:\s[^\]]+\]|['alternative dance', 'alternative rock', 'art pop', 'dance-punk', 'garage rock', 'indie rock', 'modern rock', 'neo-synthpop', 'new rave']|2006-01-01|Interscope|0.4927272727272727|0.848909090909091|-5.715545454545455|0.0822272727272727|0.0797148090909091|0.0516088363636363|0.1503818181818182|0.4055545454545454|142.582|2144|8547|alternative dance
68|-0.05034290908282463|-0.12872740346538922|0.04792919146551783|0.12065866940964406|0.1673248218332164|0.027152156490520843|0.020154412551588174|0.009230528706153622|0.10248158552245205|-0.07846559953219845|Slaves'_Graves_and_Ballads|Slaves' Graves and Ballads|Dirty Projectors|../data/albums/Slaves'_Graves_and_Ballads.txt|\[Trackname:\s[^\]]+\]|['art pop', 'brooklyn indie', 'indie rock', 'indietronica', 'noise pop']|2004-08-06|Western Vinyl|0.3794615384615384|0.2542076923076923|-12.304307692307692|0.0416538461538461|0.9087692307692308|0.1214956369230769|0.2040846153846153|0.2467384615384615|119.7863846153846|868|3849|art pop
69|-0.007143705359428229|-0.08190712538202835|0.1677695837224074|-0.2943144719256139|-0.05749205696480064|0.16398242541851457|0.06449785164010526|-0.051024789814676015|0.14752757854179216|-0.0836835359274843|Sleep_Well_Beast|Sleep Well Beast|The National|../data/albums/Sleep_Well_Beast.txt|\[Trackname:\s[^\]]+\]|['chamber pop', 'indie folk', 'indie rock', 'indietronica', 'irish rock', 'modern rock']|2017-09-08|4AD|0.5414166666666667|0.69625|-9.285666666666666|0.0814333333333333|0.5174383333333333|0.7717499999999999|0.1755499999999999|0.3383333333333333|128.4015|2903|11537|chamber pop
70|-0.003273983975508084|0.07840629048207877|0.16648976193860981|0.0658206320221045|0.1194743065970704|-0.04279717608701584|0.16219140767877951|-0.06174053096410242|0.11716545709309013|0.015011772472059077|Sound_of_Silver|Sound of Silver|LCD Soundsystem|../data/albums/Sound_of_Silver.txt|\[Trackname:\s[^\]]+\]|['alternative dance', 'alternative rock', 'art pop', 'dance rock', 'dance-punk', 'electronic rock', 'electronica', 'indie rock', 'indietronica', 'neo-synthpop', 'new rave']|2007-03-12|Parlophone UK|0.7461111111111111|0.7767777777777778|-6.780444444444445|0.0570333333333333|0.1175377777777778|0.3232077777777777|0.1809|0.6171|135.39866666666666|3101|12680|alternative dance
71|-0.12641974764227976|-0.03119121445644721|0.026708977599153902|0.11471695036851011|-0.06987022842112307|0.031793446463407246|0.08331240607096531|-0.0017888115062201409|-0.09223280028267922|0.032619484365211504|St._Vincent_(Deluxe_Edition)|St. Vincent (Deluxe Edition)|St. Vincent|../data/albums/St._Vincent_(Deluxe_Edition).txt|\[Trackname:\s[^\]]+\]|['art pop', 'etherpop', 'indie rock', 'indietronica', 'metropopolis', 'neo-synthpop']|2015-02-09|Concord Records, Inc.|0.5961875|0.6838125|-8.0045|0.0808875|0.09862875|0.18420641875|0.19094375|0.61793125|106.0620625|2810|11428|art pop
72|-0.170204525265441|-0.011552216211203229|0.2163444169399335|0.09061354177013094|0.10264222809434172|0.1730415346957204|0.16671908821171424|0.12263751319994494|-0.2736648830364989|-0.036514207102816554|Static|Static|Cults|../data/albums/Static.txt|\[Trackname:\s[^\]]+\]|['experimental pop', 'indie surf', 'pov: indie']|2013-10-15|Columbia|0.352|0.8033636363636364|-5.377727272727273|0.0504727272727272|0.1264263636363636|0.1003947272727272|0.3496363636363636|0.3377|115.12645454545456|1928|7338|experimental pop
73|0.06989971006844645|-0.011684511390847288|-0.12011974108773334|-0.015981919729677524|-0.011383219215468882|0.03150209782667948|-0.025918891221978844|0.08018595322067112|0.049436154808128976|-0.08488243683552234|Strange_Mercy|Strange Mercy|St. Vincent|../data/albums/Strange_Mercy.txt|\[Trackname:\s[^\]]+\]|['art pop', 'etherpop', 'indie rock', 'indietronica', 'metropopolis', 'neo-synthpop']|2011-09-12|4AD|0.4992727272727272|0.6136363636363636|-8.983090909090908|0.0418636363636363|0.2028545454545454|0.2641327272727273|0.1738636363636363|0.3972818181818182|138.37545454545457|1603|6518|art pop
74|-0.08941485300891193|-0.0766641170371317|0.06449986626084644|0.09696779778572825|0.1454819353593285|0.0666478189859448|0.2731755520402684|0.05686132547284216|-0.07128673701390167|0.07543741796121199|Swing_Lo_Magellan|Swing Lo Magellan|Dirty Projectors|../data/albums/Swing_Lo_Magellan.txt|\[Trackname:\s[^\]]+\]|['art pop', 'brooklyn indie', 'indie rock', 'indietronica', 'noise pop']|2012-07-10|Domino Recording Co|0.5360833333333334|0.5268333333333334|-7.376|0.0847499999999999|0.5541308333333334|0.0028476124999999|0.1513583333333333|0.4765|100.53508333333332|2017|8325|art pop
75|-0.02344140675783839|-0.08450266577340128|0.0068722195234722575|0.07343538633991516|-0.024203385328492297|-0.1100762759875126|0.027723801761138575|-0.31089006656371243|-0.18081905638782508|-0.1019243389134548|Synthetica|Synthetica|Metric|../data/albums/Synthetica.txt|\[Trackname:\s[^\]]+\]|['canadian indie', 'canadian rock', 'indie rock', 'indietronica', 'metropopolis', 'neo-synthpop']|2012-01-01|Metric Music International Inc.|0.4865454545454545|0.7792727272727272|-5.543181818181818|0.0544090909090909|0.0863957818181818|0.2434585454545454|0.2032727272727272|0.3306818181818182|124.60463636363636|2392|9541|canadian indie
76|-0.15896323217474465|0.03521886184801565|0.17799768612168923|-0.11137714174256858|0.11101839452294067|0.20841558574638502|-0.08536524827036204|-0.14224775217664193|0.09906790383566484|0.07249966533701137|The_Bends|The Bends|Radiohead|../data/albums/The_Bends.txt|\[Trackname:\s[^\]]+\]|['alternative rock', 'art rock', 'melancholia', 'oxford indie', 'permanent wave', 'rock']|1995-03-13|XL Recordings|0.33375|0.5956666666666667|-9.58925|0.0509916666666666|0.1328159166666666|0.2999083333333333|0.2284333333333333|0.3388|126.50766666666668|1946|7954|alternative rock
77|-0.21583244055607798|-0.06425054733884776|0.1463508354433708|0.12094779129658437|0.11768583980063292|0.1441363473699029|0.17323047121133456|0.08336303984100343|-0.21764097712047364|-0.02578302843219686|The_Bones_of_What_You_Believe_(Special_Edition)|The Bones of What You Believe (Special Edition)|CHVRCHES|../data/albums/The_Bones_of_What_You_Believe_(Special_Edition).txt|\[Trackname:\s[^\]]+\]|['indietronica', 'metropopolis', 'neo-synthpop', 'shimmer pop']|2013-09-24|Glassnote Entertainment Group LLC|0.5659333333333334|0.672|-7.6782|0.0494266666666666|0.0156400066666666|0.1448989346666666|0.1883466666666667|0.3634666666666666|128.7972|3824|14519|indietronica
78|0.008613780162884173|-0.17620796487746457|-0.29049452856358654|-0.012973666959004143|-0.06268962375993883|0.13901571755294867|0.01057780194154046|0.07240237264713399|0.12059241749734086|-0.03988312107436563|The_Getty_Address|The Getty Address|Dirty Projectors|../data/albums/The_Getty_Address.txt|\[Trackname:\s[^\]]+\]|['art pop', 'brooklyn indie', 'indie rock', 'indietronica', 'noise pop']|2005-04-05|Western Vinyl|0.5073076923076922|0.283776923076923|-12.636615384615386|0.1129307692307692|0.6947692307692308|0.1889131838461538|0.1576230769230769|0.2573923076923077|102.40761538461538|563|2444|art pop
79|0.02553224042312508|-0.028106024908266886|-0.13194727840606907|-0.06400024690408362|0.11694759382505203|-0.07443765975893414|0.11234137118145808|0.09931896053771687|0.007835067420031282|-0.20066505936773105|The_Glad_Fact|The Glad Fact|Dirty Projectors|../data/albums/The_Glad_Fact.txt|\[Trackname:\s[^\]]+\]|['art pop', 'brooklyn indie', 'indie rock', 'indietronica', 'noise pop']|2003-04-11|Western Vinyl|0.4204|0.4386866666666666|-9.876466666666666|0.0522266666666666|0.7756666666666666|0.0682539086666666|0.13544|0.2642933333333333|105.14706666666666|1229|4894|art pop
80|-0.04407935213597935|-0.08832962394208782|-0.06778942592773718|-0.1613290697509891|-0.12813430779191298|0.030611735091863837|-0.03774425128862451|0.043394839852545324|0.059609996599927925|0.0760621464559248|The_King_Of_Limbs|The King Of Limbs|Radiohead|../data/albums/The_King_Of_Limbs.txt|\[Trackname:\s[^\]]+\]|['alternative rock', 'art rock', 'melancholia', 'oxford indie', 'permanent wave', 'rock']|2011-02-18|XL Recordings|0.542625|0.6315|-10.86625|0.0614625|0.41536375|0.6187625|0.1272125|0.44355|106.16475|1076|4367|alternative rock
81|-0.2143445382233503|-0.05675956364763543|0.16506228143722698|-0.11660636970777799|-0.003880798096190641|-0.05123659084557356|-0.03923101221968651|-0.2137383056323569|-0.22098974494963974|0.1395524617650341|The_Shape_of_Brat_Pop_to_Come|The Shape of Brat Pop to Come|Holychild|../data/albums/The_Shape_of_Brat_Pop_to_Come.txt|\[Trackname:\s[^\]]+\]|['indie poptimism', 'la indie']|2015-06-02|Glassnote Entertainment Group LLC|0.7020833333333334|0.6916666666666668|-5.608666666666667|0.0846666666666666|0.0219258333333333|0.0074484166666666|0.1964916666666666|0.6788333333333333|127.83341666666666|3875|16044|indie poptimism
82|-0.1536526510415867|0.14693882759757643|-0.0295473064944218|0.0055287339965999745|-0.10903272422462143|-0.038669061128902824|0.1269032755940923|-0.2767636226774815|-0.13204759915451908|0.017807579738667527|The_Theatrical_Death_of_Julie_Delicious|The Theatrical Death of Julie Delicious|Holychild|../data/albums/The_Theatrical_Death_of_Julie_Delicious.txt|\[Trackname:\s[^\]]+\]|['indie poptimism', 'la indie']|2019-11-08|Glassnote Entertainment Group LLC|0.5934999999999999|0.7026|-4.7814|0.05094|0.128133|0.044943004|0.26349|0.5841999999999999|123.2105|3610|14110|indie poptimism
83|0.11702021798472632|0.08675290811656208|0.13549771213650716|-0.06362809307439833|0.43769009051295793|0.10989098559482925|0.097008775371115|-0.06404612333873763|-0.06365889086724733|0.08573166386156163|This_Is_Happening|This Is Happening|LCD Soundsystem|../data/albums/This_Is_Happening.txt|\[Trackname:\s[^\]]+\]|['alternative dance', 'alternative rock', 'art pop', 'dance rock', 'dance-punk', 'electronic rock', 'electronica', 'indie rock', 'indietronica', 'neo-synthpop', 'new rave']|2010-05-17|Parlophone UK|0.7148888888888889|0.7032222222222222|-8.959888888888889|0.0533888888888888|0.014231|0.3985422222222222|0.1249111111111111|0.7075555555555556|119.77477777777776|3347|13759|alternative dance
84|-0.2041374432250422|-0.06806669062163476|0.0460234411849676|-0.25302713020280454|0.17808110026699858|-0.050347870170748536|0.09141223520659533|0.0942496146247935|-0.09183257325613364|-0.03849584547055547|Trouble_Will_Find_Me|Trouble Will Find Me|The National|../data/albums/Trouble_Will_Find_Me.txt|\[Trackname:\s[^\]]+\]|['chamber pop', 'indie folk', 'indie rock', 'indietronica', 'irish rock', 'modern rock']|2013-05-20|4AD|0.4870769230769231|0.6087692307692307|-8.806307692307692|0.0464846153846153|0.5572307692307692|0.2794066984615384|0.1126|0.2808461538461538|140.47476923076923|3630|14174|chamber pop
85|-0.18352753816861533|-0.14933713715373736|-0.03105469282945328|-0.07836487104694662|0.2141185693708957|0.067778023568647|-0.02847442018970672|0.0623165000644396|-0.04258847398253883|0.052499631623834045|Two_Hands|Two Hands|Big Thief|../data/albums/Two_Hands.txt|\[Trackname:\s[^\]]+\]|['art pop', 'brooklyn indie', 'chamber pop', 'countrygaze', 'indie pop', 'indie rock', 'small room']|2019-10-11|4AD|0.502|0.37672|-10.9921|0.04903|0.65015|0.014794457|0.14551|0.37087|117.6765|1599|6429|art pop
86|-0.25352720849927346|-0.12568765638349164|-0.19280090480104214|-0.05299280855096909|0.10127337697562915|0.05528346480639967|-0.04929605642584619|-0.027128617371439474|0.004923567490960246|0.21660675455613693|U.F.O.F.|U.F.O.F.|Big Thief|../data/albums/U.F.O.F..txt|\[Trackname:\s[^\]]+\]|['art pop', 'brooklyn indie', 'chamber pop', 'countrygaze', 'indie pop', 'indie rock', 'small room']|2019-05-03|4AD|0.5541666666666667|0.4012499999999999|-11.370833333333332|0.0480333333333333|0.8046666666666668|0.2907451166666666|0.14085|0.4421666666666666|105.92341666666668|1573|6423|art pop
87|-0.1378093154391601|0.10947342537565505|0.05382111546475169|0.15991606866254338|0.06543582932788625|0.08651268554171343|-0.2863788429095242|0.033292930686003225|0.07534055886931212|0.3519586165727942|You_Forgot_It_In_People|You Forgot It In People|Broken Social Scene|../data/albums/You_Forgot_It_In_People.txt|\[Trackname:\s[^\]]+\]|['alternative rock', 'baroque pop', 'canadian indie', 'canadian indie rock', 'canadian rock', 'indie rock', 'noise pop']|2003-03-11|Arts & Crafts Productions, Inc.|0.3907666666666667|0.633|-9.038444444444444|0.0614222222222222|0.1245733666666666|0.3489533333333333|0.1889222222222222|0.3775555555555556|138.6861111111111|1747|7017|alternative rock
88|-0.22282020777535835|0.007600025031123968|0.17708130016987095|0.011143265780700141|0.0793704379829642|-0.08869049615749962|0.05593074123235128|-0.015494561687301671|0.11159032325384452|0.041198197558407215|american_dream|american dream|LCD Soundsystem|../data/albums/american_dream.txt|\[Trackname:\s[^\]]+\]|['alternative dance', 'alternative rock', 'art pop', 'dance rock', 'dance-punk', 'electronic rock', 'electronica', 'indie rock', 'indietronica', 'neo-synthpop', 'new rave']|2017-10-06|DFA Records/Columbia|0.5977|0.6898|-9.2549|0.04796|0.04938525|0.345143|0.1968599999999999|0.52941|134.2004|2931|12175|alternative dance
